{"cameraMode":{"drawMode":0,"name":"Shaded","section":"Shading Mode"},"sceneLighting":true,"audioPlay":false,"sceneViewState":{"showFog":true,"showMaterialUpdate":false,"showSkybox":true,"showFlares":true,"showImageEffects":true,"showParticleSystems":true},"in2DMode":false,"pivot":{"x":2.9140625,"y":9.96234130859375,"z":-8.5078125},"rotation":{"x":-0.0009625247912481427,"y":-0.9917024970054627,"z":-0.0074379160068929199,"w":0.12833552062511445},"size":16.949838638305665,"orthographic":true}