{"cameraMode":{"drawMode":0,"name":"Shaded","section":"Shading Mode"},"sceneLighting":true,"audioPlay":false,"sceneViewState":{"showFog":true,"showMaterialUpdate":false,"showSkybox":true,"showFlares":true,"showImageEffects":true,"showParticleSystems":true},"in2DMode":false,"pivot":{"x":-6.87109375,"y":-8.845184326171875,"z":-24.58984375},"rotation":{"x":-0.0009625247912481427,"y":-0.9917024970054627,"z":-0.0074379160068929199,"w":0.12833552062511445},"size":22.564476013183595,"orthographic":true}